ticker,maxAge,priceHint,previousClose,open,dayLow,dayHigh,regularMarketPreviousClose,regularMarketOpen,regularMarketDayLow,regularMarketDayHigh,exDividendDate,payoutRatio,beta,forwardPE,volume,regularMarketVolume,averageVolume,averageVolume10days,averageDailyVolume10Day,bid,ask,bidSize,askSize,marketCap,nonDilutedMarketCap,fiftyTwoWeekLow,fiftyTwoWeekHigh,allTimeHigh,allTimeLow,priceToSalesTrailing12Months,fiftyDayAverage,twoHundredDayAverage,trailingAnnualDividendRate,trailingAnnualDividendYield,currency,fromCurrency,toCurrency,lastMarket,coinMarketCapLink,algorithm,tradeable,dividendRate,dividendYield,fiveYearAvgDividendYield,trailingPE,maxAge,priceHint,enterpriseValue,profitMargins,floatShares,sharesOutstanding,heldPercentInsiders,heldPercentInstitutions,beta,impliedSharesOutstanding,category,bookValue,priceToBook,fundFamily,legalType,lastFiscalYearEnd,nextFiscalYearEnd,mostRecentQuarter,earningsQuarterlyGrowth,netIncomeToCommon,trailingEps,forwardEps,lastSplitFactor,enterpriseToRevenue,enterpriseToEbitda,52WeekChange,SandP52WeekChange,lastDividendValue,lastDividendDate,latestShareClass,leadInvestor,forwardPE,lastSplitDate,maxAge,currentPrice,recommendationKey,totalCash,totalCashPerShare,ebitda,totalDebt,quickRatio,currentRatio,totalRevenue,debtToEquity,revenuePerShare,returnOnAssets,returnOnEquity,grossProfits,freeCashflow,operatingCashflow,earningsGrowth,revenueGrowth,grossMargins,ebitdaMargins,operatingMargins,profitMargins,financialCurrency,targetHighPrice,targetLowPrice,targetMeanPrice,targetMedianPrice,numberOfAnalystOpinions,recommendationMean,price_used,liquidity_proxy,ev_ebitda_used
VULC3.SA,1,2,16.64,16.6,16.53,16.92,16.64,16.6,16.53,16.92,2025-12-22 21:00:00,1.2955,0.119,6.805964,395500,395500,1598518,1974980,1974980.0,16.57,16.58,0,0,5177201152.0,5202211888,14.53,22.5,210000.0,0.947205,1.4541528,18.2076,19.635784,5.079,0.30522838,BRL,,,,,,False,7.8,0.4688,,4.119403,1,2,6013289984.0,0.32731,111197471,312632926,0.63507,0.20039,0.119,312632926,,7.763,2.134484,,,2025-12-30 21:00:00,2026-12-30 21:00:00,2025-12-30 21:00:00,-0.062,1165320960,4.02,2.43316,1:4,1.689,6.877,0.030340552,0.19319427,0.65,1766448000,,,6.810074,2016-03-16 21:00:00,86400,16.56,strong_buy,203970000,0.652,874377984.0,1014699008,2.065,3.267,3560286976,41.803,13.039,0.13828,0.51363,1461024000,-116107504,541593024,-0.073,0.114,0.41037,0.24559,0.17816,0.32731,BRL,26.0,21.0,23.33333,23.0,6,1.33333,16.56,32705668.799999997,6.877
RIAA3.SA,1,2,8.66,8.73,8.61,8.86,8.66,8.73,8.61,8.86,2025-12-22 21:00:00,1.0487,0.773,5.9696965,491800,491800,2242268,2248860,2248860.0,8.66,8.67,,,4330482176.0,4330482171,8.42,10.91,10.91,8.42,0.41254297,9.786875,9.786875,2.976,0.34364897,BRL,,,,,,False,3.09,0.35720003,3.68,2.9355931,1,2,5552410112.0,0.14053,86969684,500055678,0.7439,0.04902,0.773,500055678,,10.704,0.8090433,,,2025-12-30 21:00:00,2026-12-30 21:00:00,2025-12-30 21:00:00,4.14,1475168000,2.95,1.45066,,0.529,4.765,-0.10813594,0.19319427,2.851961,1766448000,,,5.9696965,,86400,8.64,strong_buy,2310841088,4.621,1165222016.0,3532769024,1.283,1.564,10497045504,66.0,21.028,0.04235,0.27429,6348105216,890545984,922561984,4.122,0.059,0.60475,0.111,0.12883,0.14053,BRL,17.0,12.0,13.88889,13.5,9,1.33333,8.64,19430150.400000002,4.765
MBRF3.SA,1,2,16.83,16.93,16.66,17.14,16.83,16.93,16.66,17.14,2025-09-18 21:00:00,3.4006,0.368,396.61652,1891200,1891200,9736205,8977320,8977320.0,16.87,16.88,,,23721222144.0,23650960316,14.59,27.66,27.900906,3.450325,0.14644408,18.9934,20.60765,0.0,0.0,BRL,,,,,,False,5.64,0.33540002,,10.168674,1,2,74276798464.0,0.01757,784733111,1405285818,0.47245997,0.492,0.368,1405285818,,8.498,1.9851731,,,2024-12-30 21:00:00,2025-12-30 21:00:00,2025-09-29 21:00:00,0.188,1484247040,1.66,0.04256,,0.459,6.919,0.06518984,0.19319427,2.833731,1734048000,,,396.3816,,86400,16.88,buy,22402078720,15.67,10734427136.0,69851791360,0.701,1.095,161981431808,468.294,186.391,0.02563,0.11405,20297330688,5207777280,19166228480,4.477,0.067,0.12531,0.06627,0.037609998,0.01757,BRL,30.5,16.3,24.80667,25.3,15,2.2,16.88,151537161.6,6.919
JSLG3.SA,1,2,6.63,6.68,6.37,6.73,6.63,6.68,6.37,6.73,2025-12-29 21:00:00,1.2709,0.598,6.172544,476800,476800,1469953,1933710,1933710.0,6.43,6.44,0,0,1831825536.0,1885869991,5.0,8.75,14.08,4.38,0.18928604,7.4232,6.35055,0.421,0.06349924,BRL,,,,,,False,1.91,0.2883,5.53,19.51515,1,2,8373266432.0,0.00972,68795426,284444946,0.75564003,0.057979997,0.598,284444946,,6.456,0.99907064,,,2024-12-30 21:00:00,2025-12-30 21:00:00,2025-09-29 21:00:00,-0.587,94104000,0.33,1.04333,,0.865,4.838,0.19459462,0.19319427,1.911527,1767052800,,,6.1821284,,86400,6.45,buy,1649634944,5.8,1730563968.0,8137120768,1.614,1.882,9677552640,443.158,34.025,0.05612,0.05096,1538296960,230552752,995608000,-0.587,0.056,0.15896,0.17882,0.120979995,0.00972,BRL,18.0,8.0,12.0875,10.15,8,1.625,6.45,12472429.5,4.838
POMO4.SA,1,2,5.93,5.95,5.92,6.06,5.93,5.95,5.92,6.06,2025-11-24 21:00:00,1.1701,0.09,5.364594,3323000,3323000,11513676,13415800,13415800.0,5.94,5.95,0,0,7369113600.0,7198876253,5.263636,9.018181,9.018181,0.184168,0.8135881,6.3296,7.059918,0.0,0.0,BRL,,,,,,False,1.15,0.19319999,5.86,6.0612245,1,2,8970966016.0,0.13506,782031942,789645960,0.08099,1.46933,0.09,1240591428,,3.089,1.9261897,,,2025-12-30 21:00:00,2026-12-30 21:00:00,2025-12-30 21:00:00,0.084,1223348992,0.98,1.10726,11:10,0.99,5.744,-0.046344876,0.19319427,0.709091,1764028800,,,5.373625,2025-12-25 21:00:00,86400,5.95,strong_buy,2221810944,1.791,1561808000.0,3772905984,1.254,1.891,9057548288,96.852,7.307,0.09401,0.30973,2314292992,491715872,1438765056,0.1,-0.036,0.25551,0.17243,0.16834,0.13506,BRL,11.0,8.0,9.52,9.75,10,1.4,5.95,79824010.0,5.744
DIRR3.SA,1,2,13.99,14.0,13.85,14.34,13.99,14.0,13.85,14.34,2025-12-16 21:00:00,1.4778,0.171,6.140351,3105400,3105400,7893067,8862610,8862610.0,13.99,14.0,0,0,7261263360.0,7256076791,10.033333,19.04,19.04,0.999198,1.6719433,14.8,15.092067,0.0,0.0,BRL,,,,,,False,2.64,0.1887,6.4,9.333333,1,2,8459207680.0,0.18175,331242856,518661672,0.28026,0.51389,0.171,518661672,,3.693,3.7828324,,,2025-12-30 21:00:00,2026-12-30 21:00:00,2025-12-30 21:00:00,0.165,789342016,1.5,2.28,3:1,1.948,7.95,0.33026946,0.19319427,1.55,1765929600,,,6.127193,2025-08-10 21:00:00,86400,13.98,strong_buy,2182799104,4.206,1064041024.0,2978202880,2.493,3.78,4343008256,128.362,8.355,0.05317,0.43120998,1722417024,-449521504,398423008,0.156,0.326,0.3966,0.245,0.27282,0.18175,BRL,23.0,17.0,20.5,20.5,12,1.5,13.98,123899287.8,7.95
VLID3.SA,1,2,20.15,20.08,20.08,20.43,20.15,20.08,20.08,20.43,2025-11-30 21:00:00,0.7458,0.055,11.603449,47100,47100,235141,253170,253170.0,20.16,20.19,0,0,1582386176.0,1579251111,19.5,28.1,46.91202,6.408565,0.74628747,21.542,21.914,4.3,0.21339951,BRL,,,,,,False,3.24,0.1609,4.41,6.6414475,1,2,1664581888.0,0.11297,45648699,78374745,0.0,0.77949,0.055,78374745,,21.94,0.920237,,,2024-12-30 21:00:00,2025-12-30 21:00:00,2025-09-29 21:00:00,-0.458,239531008,3.04,1.74,11:10,0.785,6.753,-0.16563147,0.19319427,1.505873,1764547200,,,,2017-05-15 21:00:00,86400,20.19,none,532099008,6.781,246503008.0,605030976,2.528,3.139,2120344064,34.931,26.884,0.04161,0.14046,704707968,75610872,474960992,-0.448,-0.068,0.33236,0.11626001,0.12172,0.11297,BRL,,,,,,,20.19,5111502.300000001,6.753
ABEV3.SA,1,2,15.1,15.15,14.95,15.19,15.1,15.15,14.95,15.19,2025-12-18 21:00:00,1.7388,0.285,13.357198,12414600,12414600,27369296,26546430,26546430.0,14.99,15.0,0,0,234251517952.0,235813200273,11.68,16.77,24.56,0.468107,2.6546347,15.1932,13.5211,1.114,0.07377483,BRL,,,,,,False,2.39,0.158,5.1,15.151515,1,2,219737292800.0,0.17569,4277366471,15616768230,0.71943,0.09506,0.285,15616768230,,5.63,2.6642983,,,2025-12-30 21:00:00,2026-12-30 21:00:00,2025-12-30 21:00:00,-0.109,15503399936,0.99,1.12299,5:1,2.49,8.073,0.11439109,0.19319427,1.4502,1766102400,,,13.357198,2013-11-11 21:00:00,86400,15.0,hold,20319920128,1.301,27218567168.0,3386924032,0.664,0.962,88242470912,3.815,5.65,0.091359995,0.16976999,45378338816,12534329344,24450283520,-0.101,-0.082,0.51425,0.30844998,0.28194,0.17569,BRL,20.0,11.0,15.08889,15.0,18,3.11111,15.0,398196450.0,8.073
FESA4.SA,1,2,7.45,7.48,7.42,7.72,7.45,7.48,7.42,7.72,2025-11-05 21:00:00,2.0958,,5.3285713,362000,362000,807593,735250,735250.0,7.45,7.46,0,0,2527952128.0,3016131620,6.02,8.9,15.55,0.125,1.082888,7.687,6.9933,0.0,0.0,BRL,,,,,,False,1.15,0.1541,5.31,14.346154,1,2,1948317568.0,0.080819994,160379258,221267600,0.26392,0.16991,,338867600,,9.692,0.76867515,,,2025-12-30 21:00:00,2026-12-30 21:00:00,2025-12-30 21:00:00,-0.211,188676000,0.52,1.4,4:1,0.835,5.995,-0.050955415,0.19319427,0.649041,1762387200,,,,2024-01-23 21:00:00,86400,7.46,none,989596992,2.92,324988992.0,411673984,2.182,3.064,2334454016,12.528,6.889,0.0066500003,0.056939997,411145984,243797744,403185984,-0.207,-0.008,0.17612,0.13921,0.00728,0.080819994,BRL,,,,,,,7.46,5484965.0,5.995
UNIP6.SA,1,2,66.51,66.51,66.4,67.12,66.51,66.51,66.4,67.12,2025-12-07 21:00:00,0.8875,0.383,18.190737,62700,62700,301365,437000,437000.0,66.71,66.78,0,0,7451895296.0,7287989581,52.21,80.77,106.36363,1.493506,1.3454003,64.8948,63.6458,0.0,0.0,BRL,,,,,,False,10.18,0.153,9.52,10.099849,1,2,9040286720.0,0.14191,59497956,70245280,0.25882998,0.24683,0.383,111622153,,22.131,3.0143237,,,2024-12-30 21:00:00,2025-12-30 21:00:00,2025-09-29 21:00:00,-0.079,786012992,6.61,3.67,11:10,1.632,6.17,0.1887399,0.19319427,6.476802,1765152000,,,18.17711,2024-04-18 21:00:00,86400,66.75,none,1715798016,15.371,1465275008.0,3318008064,2.558,3.176,5538793984,133.554,49.324,0.09387,0.29680002,1669154944,-397063264,1327422976,-0.102,-0.084,0.30136,0.26455,0.14751,0.14191,BRL,70.0,58.0,64.0,64.0,2,,66.75,29169750.0,6.17
BEEF3.SA,1,4,4.39,4.39,4.37,4.45,4.39,4.39,4.37,4.45,2025-12-15 21:00:00,0.0,0.29,3.5471306,3121700,3121700,13941062,19991830,19991830.0,4.37,4.39,0,0,4334838784.0,4334839254,4.3,7.8,20.354202,1.494608,0.08443308,5.4684,5.78375,0.165,0.037585422,BRL,,,,,,False,0.66,0.1499,,,1,4,16714015744.0,-0.01588,452679792,987434910,0.53234,0.16803,0.29,987434911,,1.311,3.3409612,,,2024-12-30 21:00:00,2025-12-30 21:00:00,2025-09-29 21:00:00,0.372,-815049024,-1.69,1.23762,,0.326,3.689,-0.20036429,0.19319427,0.164552,1765843200,,,3.5390508,,86400,4.38,buy,14893214720,15.117,4531187200.0,26719475712,1.148,1.35,51340525568,1440.673,57.953,0.05646,-0.50405,9210893312,2577800192,6292843008,-0.311,0.825,0.17941,0.08826,0.07391,-0.01588,BRL,10.0,5.8,7.88462,8.0,13,2.38462,4.38,87564215.39999999,3.689
BBSE3.SA,1,2,34.88,34.9,34.7,35.12,34.88,34.9,34.7,35.12,2026-02-12 21:00:00,0.91660005,0.173,7.672285,1540500,1540500,7152818,6050350,6050350.0,34.82,34.84,0,0,67631927296.0,67709576025,31.53,42.77,42.77,15.98,6.5436764,35.582,34.3546,4.53,0.12987386,BRL,,,,,,False,5.21,0.1495,8.22,7.492473,1,2,57664720896.0,0.87246,616219261,1941214909,0.6625,0.12091,0.173,1941214909,,5.349,6.5077586,,,2025-12-30 21:00:00,2026-12-30 21:00:00,2025-12-30 21:00:00,0.008,9017328640,4.65,4.54102,,5.579,5.84,-0.13620603,0.19319427,2.606807,1770940800,,,7.6588984,,86400,34.81,hold,10044855296,5.175,9873904640.0,0,1.278,1.278,10335463424,,5.324,0.27602,0.89815,10152952832,6859609088,3710769920,0.088,0.002,0.98234004,0.95533997,0.93563,0.87246,BRL,46.0,34.0,37.75,37.0,12,3.08333,34.81,210612683.5,5.84
TUPY3.SA,1,2,12.0,12.05,12.04,12.44,12.0,12.05,12.04,12.44,2025-01-01 21:00:00,3.9573998,0.166,7.1594424,358500,358500,1253431,1329010,1329010.0,12.2,12.21,0,0,1600459392.0,1572933072,11.2,24.71,6500.0,1.19,0.1599973,12.338,13.8933,1.392,0.116,BRL,,,,,,False,1.8,0.1466,4.1,,1,2,3872767488.0,-0.01273,54338245,131077756,0.0,0.75952005,0.166,131077756,,23.515,0.51924306,,,2024-12-30 21:00:00,2025-12-30 21:00:00,2025-09-29 21:00:00,,-127359000,-0.9,1.70544,2:1,0.387,4.745,-0.40357852,0.19319427,1.39228,1735776000,,,7.1594424,2013-02-12 21:00:00,86400,12.18,none,1648624000,12.58,816212992.0,3939546880,1.47,2.445,10003040256,127.458,76.329,0.03086,-0.03692,1471101056,434759008,1149038976,,-0.133,0.14706999,0.081599995,0.017,-0.01273,BRL,35.0,13.0,16.83333,14.0,9,,12.18,16187341.799999999,4.745
RECV3.SA,1,2,13.13,13.15,13.15,13.55,13.13,13.15,13.15,13.55,2026-01-08 21:00:00,1.0342,0.078,6.914505,1485500,1485500,4396470,5514220,5514220.0,13.44,13.45,,,3937620992.0,3846798015,10.07,16.96,36.66,10.07,1.1943712,11.432,12.36475,2.193,0.1670221,BRL,,,,,,False,1.92,0.14649999,,6.339623,1,2,5345731072.0,0.18808001,205708476,292977762,0.29737,0.63738,0.078,292977762,,15.576,0.8628659,,,2024-12-30 21:00:00,2025-12-30 21:00:00,2025-09-29 21:00:00,-0.232,620049024,2.12,1.94374,,1.621,3.419,-0.21235752,0.19319427,1.023968,1767916800,,,6.914505,,86400,13.43,hold,933715008,3.187,1563502976.0,2432647936,2.074,2.158,3296815104,53.307,11.254,0.0672,0.13571,1120477056,-995250624,1822930944,-0.229,-0.075,0.33987,0.47425,0.20041999,0.18808001,BRL,17.0,9.5,13.17692,12.5,13,2.92308,13.43,74055974.6,3.419
TGMA3.SA,1,2,31.5,31.67,30.5,32.01,31.5,31.67,30.5,32.01,2025-12-02 21:00:00,1.2038,0.07,6.025591,93400,93400,330556,944050,944050.0,30.57,30.61,0,0,2018355200.0,2077039818,30.45,40.89,41.55,2.86,0.9069515,37.9328,36.6538,3.84,0.12190476,BRL,,,,,,False,4.43,0.14060001,6.92,8.317935,1,2,2165196800.0,0.10918,20941836,65937772,0.51417,0.39235002,0.07,65937772,,13.228,2.3132749,,,2025-12-30 21:00:00,2026-12-30 21:00:00,2025-12-30 21:00:00,-0.386,242963008,3.68,5.08,,0.973,6.712,-0.10128391,0.19319427,1.52,1764720000,,,6.023622,,86400,30.57,buy,113860000,1.727,322585984.0,202016992,2.06,2.099,2225427968,23.161,33.75,0.14126,0.27091998,429153984,136487632,243240000,-0.386,-0.023,0.19284001,0.14495,0.1086,0.10918,BRL,45.7,43.5,44.6,44.6,2,2.5,30.57,28859608.5,6.712
CMIG4.SA,1,2,11.95,11.95,11.89,12.11,11.95,11.95,11.89,12.11,2025-12-28 21:00:00,0.6217,0.312,9.084896,2591100,2591100,12459415,12010680,12010680.0,11.94,11.94,0,0,37696888832.0,37715009065,9.81,12.44,30902.287,2.025908,0.8885088,11.5354,11.1045,1.31,0.109623425,BRL,,,,,,False,1.65,0.1381,9.05,5.241228,1,2,47709941760.0,0.09473,2373107263,1904080104,1.0000001e-05,0.88809997,0.312,3154551345,,10.043,1.1878921,,,2024-12-30 21:00:00,2025-12-30 21:00:00,2025-09-29 21:00:00,-0.757,4019279104,2.28,1.31537,130:100,1.125,6.715,0.05472195,0.19319427,0.118401,1766966400,,,9.069692,2024-04-29 21:00:00,86400,11.93,hold,2317042944,0.81,7104523776.0,15835669504,0.712,0.896,42427142144,55.11,14.831,0.05613,0.1416,5766945792,-2693186048,4283584000,-0.757,0.046,0.13593,0.16745001,0.10187,0.09473,BRL,13.8,9.2,12.07667,12.0,12,3.23077,11.93,143287412.4,6.715
CURY3.SA,1,2,36.49,36.45,35.9,37.44,36.49,36.45,35.9,37.44,2026-02-04 21:00:00,0.6094,0.087,7.4290566,831800,831800,3070168,3663580,3663580.0,36.04,36.06,,,11149209600.0,11279030975,23.31,41.76,41.76,5.72,2.2233143,36.273,33.59075,0.0,0.0,BRL,,,,,,False,4.98,0.1336,,12.104027,1,2,10900536320.0,0.17374,152536840,308047594,0.50241,0.65804,0.087,309099232,,4.746,7.5979776,,,2024-12-30 21:00:00,2025-12-30 21:00:00,2025-09-29 21:00:00,0.496,871243008,2.98,4.85526,,2.174,8.978,0.50474226,0.19319427,0.454475,1770249600,,,7.4367847,,86400,36.04,strong_buy,1566297984,5.366,1214189952.0,1322985984,1.197,1.997,5014680064,80.565,17.21,0.15406999,0.6767,1978244992,819545024,602641984,0.486,0.342,0.39449,0.24213,0.23802,0.17374,BRL,51.0,43.0,45.79167,44.5,12,1.33333,36.04,132035423.2,8.978
FLRY3.SA,1,2,15.55,15.54,15.4,15.81,15.55,15.54,15.4,15.81,2025-12-02 21:00:00,1.4958,0.348,10.59103,1346100,1346100,3126444,3920950,3920950.0,15.47,15.49,0,0,8445459968.0,8489133439,11.28,18.1,32.146446,6.129419,1.0186075,16.521,15.0919,1.209,0.07774919,BRL,,,,,,False,1.89,0.12149999,4.87,13.8125,1,2,11678970880.0,0.07391,210948238,545924980,0.55294,0.65225,0.348,545924980,,9.177,1.6857361,,,2025-12-30 21:00:00,2026-12-30 21:00:00,2025-12-30 21:00:00,0.148,612830976,1.12,1.46067,21:20,1.409,6.361,0.33705938,0.19319427,0.899059,1764720000,,,10.59103,2023-06-12 21:00:00,86400,15.46,buy,2162391040,3.968,1835933952.0,5271442944,1.851,1.969,8291182080,103.437,15.215,0.0596,0.113970004,2206036992,954625728,2133774976,0.146,0.12,0.26607,0.22143,0.1094,0.07391,BRL,19.0,14.0,17.48182,18.0,11,2.27273,15.46,60617887.0,6.361
YDUQ3.SA,1,2,10.4,10.41,10.3,10.74,10.4,10.41,10.3,10.74,2025-12-28 21:00:00,1.7488999,,4.0561366,1420000,1420000,3716563,5605050,5605050.0,10.37,10.39,,,2733056000.0,2740962702,10.02,17.8,57.63,3.383333,0.49493954,12.93,13.39815,0.0,0.0,BRL,,,,,,False,1.14,0.1096,2.41,15.953847,1,2,6990363648.0,0.0326,172563412,263554106,0.12165,0.78867996,,263554106,,11.178,0.9286097,,,2025-12-30 21:00:00,2026-12-30 21:00:00,2025-12-30 21:00:00,,180000000,0.65,2.55662,3:1,1.266,6.067,-0.13764513,0.19319427,0.569143,1766966400,,,4.060048,2013-05-21 21:00:00,86400,10.37,buy,1478099968,5.61,1152211968.0,5705399808,1.362,1.406,5521999872,192.23,20.959,0.056020003,0.05895,3675000064,-157932992,1511200000,,0.031,0.66552,0.20865999,0.12567,0.0326,BRL,23.0,13.0,18.34615,17.0,13,1.92308,10.37,58124368.49999999,6.067
PLPL3.SA,1,2,14.07,14.0,13.99,14.66,14.07,14.0,13.99,14.66,2025-12-29 21:00:00,0.8332,0.41,4.358546,1123200,1123200,1963182,2832470,2832470.0,14.38,14.41,,,2919871744.0,2854940604,11.13,18.02,18.02,1.86,0.8897436,14.848,14.8536,0.493,0.03503909,BRL,,,,,,False,1.5,0.1065,,7.994445,1,2,3045540608.0,0.11031,56569218,202909780,0.71769994,0.15625,0.41,202909780,,5.043,2.8494942,,,2025-12-30 21:00:00,2026-12-30 21:00:00,2025-12-30 21:00:00,0.523,362000000,1.8,3.30156,,0.928,5.688,0.24734044,0.19319427,0.49283,1767052800,,,4.352488,,86400,14.37,strong_buy,1093500032,5.389,535398656.0,1164700032,1.571,2.382,3281700096,101.934,16.173,0.094610006,0.41074002,1020099968,,,0.541,0.599,0.31084,0.16315001,0.1583,0.11031,BRL,26.0,19.0,22.11111,22.0,9,1.33333,14.37,40702593.9,5.688
TIMS3.SA,1,2,26.48,26.6,26.41,26.82,26.48,26.6,26.41,26.82,2025-12-22 21:00:00,1.4039,0.309,11.9416685,2512500,2512500,6865862,5891850,5891850.0,26.53,26.55,,,63395262464.0,63251937166,16.28,28.74,28.74,3.47,2.3810678,25.5362,23.3611,1.582,0.059743203,BRL,,,,,,False,2.78,0.105,5.66,14.826817,1,2,73910878208.0,0.16194999,2388667889,2388668322,0.67386,0.15213999,0.309,2388668322,,10.038,2.6449492,,,2025-12-30 21:00:00,2026-12-30 21:00:00,2025-12-30 21:00:00,0.27,4311984128,1.79,2.22247,1:100,2.776,6.678,0.534183,0.19319427,0.175576,1766448000,,,11.946167,2025-07-02 21:00:00,86400,26.53,buy,5884640256,2.464,11067514880.0,16543591424,0.791,0.886,26624720896,68.997,11.031,0.0735,0.17117001,14358136832,6110108672,13440068608,0.291,0.044,0.53928,0.41569,0.27545,0.16194999,BRL,31.0,21.0,26.22143,26.4,14,2.42857,26.53,156310780.5,6.678
CMIN3.SA,1,4,4.9,4.9,4.9,4.98,4.9,4.9,4.9,4.98,2026-01-04 21:00:00,0.6145,1.26,13.182875,2222600,2222600,8167896,11932510,11932510.0,4.93,4.94,,,26779977728.0,26617018236,4.75,6.56,11.2,3.16,1.4939748,5.579,5.38675,0.0,0.0,BRL,,,,,,False,0.52,0.1047,,10.955556,1,4,22046945280.0,0.13785,424948844,5432044538,0.91280997,0.0191,1.26,5432044538,,1.859,2.6519635,,,2024-12-30 21:00:00,2025-12-30 21:00:00,2025-09-29 21:00:00,0.561,2471095040,0.45,0.37397,,1.23,3.493,-0.21600002,0.19319427,0.078002,1767571200,,,13.182875,,86400,4.93,underperform,13602187264,2.504,6311273984.0,9357185024,1.89,2.022,17925320704,92.661,3.266,0.09035,0.25948998,8514413056,-899975360,5227824128,0.56,0.297,0.47499,0.35209,0.30784,0.13785,BRL,7.0,3.8,5.64167,5.65,12,3.76923,4.93,58827274.3,3.493
PETR4.SA,1,2,45.58,45.85,45.8,47.26,45.58,45.85,45.8,47.26,2025-12-22 21:00:00,0.379,0.163,4.1862535,27116700,27116700,45577644,69132880,69132880.0,47.0,47.01,0,0,606028234752.0,622781190105,28.86,47.26,67.5,4.12,1.2180272,37.122,32.7939,3.199,0.07018428,BRL,,,,,,False,4.64,0.1011,21.76,5.6582427,1,2,922686455808.0,0.22134,8112555062,5446501379,0.0,0.60671,0.163,12888732761,,32.26,1.4578426,,,2025-12-30 21:00:00,2026-12-30 21:00:00,2025-12-30 21:00:00,,110128996352,8.31,11.232,2:1,1.854,4.433,0.26720083,0.19319427,0.952128,1766448000,,,,2008-04-27 21:00:00,86400,47.03,buy,50608001024,3.927,208144007168.0,384025001984,0.44,0.706,497548984320,91.963,38.603,0.08613,0.28176,236998000640,85002125312,200333000704,,0.05,0.47632998,0.41834,0.26850998,0.22134,BRL,52.0,36.6,43.73846,44.0,13,2.07692,47.03,3251319346.4,4.433
INTB3.SA,1,2,14.44,14.58,14.52,14.96,14.44,14.58,14.52,14.96,2025-12-15 21:00:00,0.9478,0.111,7.2688346,760400,760400,1924201,2977650,2977650.0,14.79,14.79,,,4843593728.0,4725776778,10.49,16.81,36.66,10.49,1.0859152,12.5138,12.90015,1.128,0.07811635,BRL,,,,,,False,1.4,0.0971,,10.0,1,2,4567070208.0,0.10824,91985769,327269860,0.72673,0.22753,0.111,327269860,,9.14,1.619256,,,2025-12-30 21:00:00,2026-12-30 21:00:00,2025-12-30 21:00:00,0.079,482772000,1.48,2.03609,,1.024,9.138,0.20634925,0.19319427,0.916576,1765843200,,,7.2688346,,86400,14.79,buy,1070774016,3.272,499780000.0,889227008,1.486,2.418,4460379136,29.502,13.623,0.048779998,0.16176,1342580992,369348128,920024000,0.08,-0.093,0.301,0.11205,0.11368,0.10824,BRL,22.0,13.7,16.45,16.25,10,1.9,14.79,44039443.5,9.138
MYPK3.SA,1,2,9.21,9.21,9.21,9.45,9.21,9.21,9.21,9.45,2025-10-05 21:00:00,0.76379997,0.265,3.707746,299000,299000,1343846,1555960,1555960.0,9.25,9.26,0,0,1383872640.0,1379379618,9.12,14.67,61403.484,0.442193,0.090057544,10.2352,11.64685,0.0,0.0,BRL,,,,,,False,0.89,0.0967,2.39,13.999999,1,2,5942241792.0,0.0064,114039199,149769774,0.14232999,0.52474,0.265,149769774,,28.856,0.3209038,,,2025-12-30 21:00:00,2026-12-30 21:00:00,2025-12-30 21:00:00,,98383000,0.66,2.49208,2:1,0.387,4.183,-0.30751878,0.19319427,0.307138,1759708800,,,3.7157717,2010-04-27 21:00:00,86400,9.25,none,1599732992,10.681,1420720000.0,5632568832,1.038,1.777,15366537216,116.094,102.601,0.038340002,0.043759998,1850771968,36672376,326113984,,-0.1,0.12044,0.09246001,0.05328,0.0064,BRL,16.0,11.0,13.7,14.0,10,,9.25,14392630.0,4.183
ISAE4.SA,1,2,28.21,28.08,28.08,28.57,28.21,28.08,28.08,28.57,2026-04-05 21:00:00,0.6728,0.26,11.504759,554800,554800,2350242,2358340,2358340.0,28.3,28.31,,,18659575808.0,19760714686,20.99,30.46,30.46,0.98,1.9827088,28.0834,25.19825,1.851,0.06561503,BRL,,,,,,False,2.64,0.0935,8.41,7.612903,1,2,32715005952.0,0.26011,285177872,400945572,0.30563998,0.21741,0.26,658883304,,32.102,0.880942,,,2025-12-30 21:00:00,2026-12-30 21:00:00,2025-12-30 21:00:00,-0.394,2447898880,3.72,2.46159,,3.476,8.954,0.22705519,0.19319427,0.12718,1773360000,,,11.488509,,86400,28.27,hold,2164986112,3.286,3653840896.0,16007349248,3.434,3.756,9411152896,74.672,14.283,0.05001,0.12099,3703115008,284613248,-1215500032,-0.394,0.193,0.39348,0.38825,0.35616,0.26011,BRL,32.8,22.0,27.43786,27.1,14,3.35714,28.27,66670271.8,8.954
EZTC3.SA,1,2,13.63,13.7,13.46,13.88,13.63,13.7,13.46,13.88,2025-11-18 21:00:00,0.553,0.521,5.9150157,706400,706400,1995803,2191510,2191510.0,13.55,13.56,0,0,3758215168.0,3780403538,9.995628,16.719673,47.925537,0.963501,2.2688797,14.9716,13.216793,0.0,0.0,BRL,,,,,,False,1.22,0.09060001,4.0,6.913265,1,2,4012765696.0,0.32848,107246414,277359027,0.58012,0.24707001,0.521,277359027,,18.507,0.73161507,,,2024-12-30 21:00:00,2025-12-30 21:00:00,2025-09-29 21:00:00,0.384,544107008,1.96,2.29078,12.715559:10,2.423,9.744,0.13871932,0.19319427,0.793196,1763510400,,,5.9106503,2025-12-09 21:00:00,86400,13.55,buy,1233181056,4.446,411840000.0,1419590016,3.371,5.661,1656418944,27.192,5.972,0.03749,0.10967,675508992,448148512,300587008,0.377,-0.02,0.40780997,0.24863,0.33238998,0.32848,BRL,23.0,13.0,18.41818,18.6,11,2.45455,13.55,29694960.5,9.744
RDOR3.SA,1,2,37.04,37.02,36.84,37.55,37.04,37.02,36.84,37.55,2025-12-18 21:00:00,1.5723,0.903,13.112834,6111000,6111000,6622406,8312730,8312730.0,37.2,37.21,,,81889533952.0,81581182824,27.8,48.41,77.3,19.35,1.4695071,41.3342,40.03585,4.293,0.11590173,BRL,,,,,,False,3.34,0.09020001,2.29,17.455399,1,2,95538225152.0,0.084130004,982668832,2202515735,0.52843,0.3193,0.903,2202515735,,8.771,4.2458105,,,2025-12-30 21:00:00,2026-12-30 21:00:00,2025-12-30 21:00:00,0.267,4688417792,2.13,2.83539,,1.714,8.343,0.29284465,0.19319427,3.681114,1766102400,,,13.133996,,86400,37.22,strong_buy,40560496640,18.383,11450703872.0,52103921664,2.681,2.79,55725850624,240.987,25.256,0.059809998,0.20047002,12178480128,4299656192,538366976,0.238,0.119,0.21854,0.20548001,0.17809,0.084130004,BRL,56.0,36.7,50.43846,52.0,13,1.30769,37.22,309399810.59999996,8.343
AZZA3.SA,1,2,28.04,28.21,27.2,28.21,28.04,28.21,27.2,28.21,2025-12-21 21:00:00,0.177,0.284,5.7212696,759100,759100,3170203,4272310,4272310.0,27.33,27.35,,,5521937920.0,5663318685,21.6,45.66,105.99,17.01,0.4671888,25.524,30.1383,0.0,0.0,BRL,,,,,,False,2.48,0.0883,2.73,8.412308,1,2,8571361280.0,0.07709,122922513,201972849,0.38157,0.49408,0.284,201972849,,39.547,0.69082355,,,2025-12-30 21:00:00,2026-12-30 21:00:00,2025-12-30 21:00:00,,911200000,3.25,4.77866,,0.725,4.669,0.2191304,0.19319427,1.584744,1766361600,,,5.717084,,86400,27.33,buy,1081299968,5.361,1835699968.0,3996600064,1.265,1.839,11819499520,50.1,58.595,0.04634,0.11609,6495300096,444169504,1075000064,,-0.041,0.54954,0.15531,0.072129995,0.07709,BRL,44.0,28.0,35.30769,35.0,13,1.78571,27.33,116762232.3,4.669
VALE3.SA,1,2,78.84,79.1,78.71,79.71,78.84,79.1,78.71,79.71,2025-12-11 21:00:00,2.0855,0.945,6.8153934,6746800,6746800,29470103,24683000,24683000.0,78.83,78.86,0,0,336593289216.0,336550627262,48.77,91.62,120.45,2.75,1.5758482,83.3006,65.79175,5.477,0.06946982,BRL,,,,,,False,6.9,0.0875,10.04,26.911263,1,2,415408619520.0,0.06467,3967660390,4268780141,0.0645,0.47015,0.945,4268780153,,43.174,1.8270254,,,2025-12-30 21:00:00,2026-12-30 21:00:00,2025-12-30 21:00:00,,13813999616,2.93,11.569398,2:1,1.945,5.404,0.37065363,0.19319427,3.581771,1765497600,,,35.773243,2007-09-02 21:00:00,86400,78.82,buy,41628999680,9.752,76863995904.0,115859996672,0.716,1.153,213594996736,61.326,50.037,0.077870004,0.05867,74708000768,15446250496,48765001728,,0.005,0.34976003,0.35986,0.27639,0.06467,BRL,101.95034,72.63825,87.88038,87.63217,12,2.5,78.82,1945514059.9999998,5.404
CPLE3.SA,1,2,14.4,14.35,14.34,14.68,14.4,14.35,14.34,14.68,2026-01-01 21:00:00,1.3632001,0.413,12.590196,2967100,2967100,21975629,19521000,19521000.0,14.41,14.43,0,0,42858127360.0,42769012665,9.26,15.16,15.16,0.575,1.6410141,13.6954,12.513,0.825,0.057291668,BRL,,,,,,False,1.22,0.085,5.63,16.033335,1,2,59908018176.0,0.10295,1838503232,2970071062,0.27614,0.6993,0.413,2970071062,,7.788,1.8502824,,,2025-12-30 21:00:00,2026-12-30 21:00:00,2025-12-30 21:00:00,0.819,2669715968,0.9,1.14613,10:1,2.294,9.647,0.52542377,0.19319427,0.824896,1767312000,,,12.572745,2021-03-11 21:00:00,86400,14.41,strong_buy,3131258112,1.054,6210173952.0,20308305920,0.924,0.984,26116855808,87.945,8.793,0.05099,0.10955,4720097792,4384007168,3028459008,0.883,-0.002,0.18073,0.23778,0.06544,0.10295,BRL,19.0,13.5,15.01615,14.5,13,1.38462,14.41,281297610.0,9.647
KLBN4.SA,1,4,3.85,3.85,3.83,3.88,3.85,3.85,3.83,3.88,2025-12-15 21:00:00,1.4699,0.191,1.829384,884600,884600,2956937,3243370,3243370.0,3.85,3.86,0,0,23681839104.0,23643402076,3.415841,4.21,6.70927,0.460846,1.1441879,3.901,3.6884992,1.652,0.42909092,BRL,,,,,,False,0.33,0.085,3.48,16.782608,1,4,38806622208.0,0.06779,1226975095,3843679181,0.0,0.19944,0.191,6135191417,,6.427,0.60059124,,,2025-12-30 21:00:00,2026-12-30 21:00:00,2025-12-30 21:00:00,-0.796,1403134976,0.23,2.11,101:100,1.875,5.354,-0.015569627,0.19319427,0.180583,1765843200,,,,2025-12-17 21:00:00,86400,3.86,none,10891384832,8.876,7247519744.0,38458572800,1.598,2.059,20697507840,267.053,16.867,0.025929999,0.14569001,5647795200,3186363136,6396243968,-0.796,-0.02,0.27287,0.35016,0.07498,0.06779,BRL,24.75248,24.75248,24.75248,24.75248,1,,3.86,12519408.2,5.354
PGMN3.SA,1,2,6.16,6.2,6.09,6.26,6.16,6.2,6.09,6.26,2025-12-25 21:00:00,1.2136,0.129,9.578125,918200,918200,5823924,9673150,9673150.0,6.12,6.13,,,4194358272.0,4234135179,3.04,7.62,13.143713,2.149092,0.28137913,6.6504,4.7835917,0.258,0.041883115,BRL,,,,,,False,0.51,0.082399994,,14.595239,1,2,7575614976.0,0.01746,82543356,658009592,0.60533,0.17693001,0.129,684234638,,4.677,1.3106693,,,2025-12-30 21:00:00,2026-12-30 21:00:00,2025-12-30 21:00:00,0.945,260282000,0.42,0.64,,0.508,7.477,1.013072,0.19319427,0.256518,1766707200,,,9.578125,,86400,6.13,buy,185794000,0.282,1013251008.0,3690009088,0.492,1.59,14906429440,119.287,24.041,0.056339998,0.089729995,4763098112,-167316128,200372000,0.808,0.191,0.31952998,0.06797,0.05988,0.01746,BRL,10.0,5.0,7.85714,8.0,7,1.875,6.13,59296409.5,7.477
SMFT3.SA,1,2,18.53,18.5,18.44,18.97,18.53,18.5,18.44,18.97,2025-12-07 21:00:00,1.0037999,0.488,8.738835,1670400,1670400,7389662,8905080,8905080.0,18.54,18.55,,,11381379072.0,11381379045,18.07,27.52,33.19,9.63,1.5716459,21.136,23.396591,0.0,0.0,BRL,,,,,,False,1.48,0.0798,,17.817308,1,2,21394274304.0,0.088199995,295041526,614213656,0.13932,0.71286005,0.488,614213656,,9.479,1.9580123,,,2025-12-30 21:00:00,2026-12-30 21:00:00,2025-12-30 21:00:00,0.303,638688000,1.04,2.12042,21:1,2.954,8.145,-0.07024586,0.19319427,0.841735,1765152000,,,8.603785,2021-06-22 21:00:00,86400,18.52,strong_buy,3426137088,5.737,2626713088.0,13751504896,1.314,1.316,7241694208,242.813,12.167,0.0531,0.11505,3076961024,-13216000,2092679936,0.28,0.265,0.42490003,0.36271998,0.23433,0.088199995,BRL,38.0,26.0,32.11538,32.0,13,1.46154,18.52,164922081.6,8.145
CEAB3.SA,1,2,11.51,11.53,11.43,11.86,11.51,11.53,11.43,11.86,2025-12-25 21:00:00,0.2958,1.132,5.8611317,3906500,3906500,10935239,10455570,10455570.0,11.58,11.6,,,3513806336.0,3486543984,9.44,21.3,21.3,1.88,0.44016343,11.8528,15.3258,0.0,0.0,BRL,,,,,,False,0.9,0.0785,,6.1375666,1,2,5183885824.0,0.07354,207602339,302914334,0.30923,0.22497,1.132,302914334,,12.238,0.94623303,,,2025-12-30 21:00:00,2026-12-30 21:00:00,2025-12-30 21:00:00,0.229,587089024,1.89,1.97914,,0.649,4.538,0.06475484,0.19319427,0.5216,1766707200,,,5.851026,,86400,11.58,strong_buy,1043374976,3.444,1142244992.0,2740715008,1.08,1.463,7982958080,73.932,26.354,0.0635,0.16736999,4298155008,4081000,1312328960,0.206,-0.032,0.53841996,0.14309,0.15313,0.07354,BRL,24.5,17.0,20.15833,19.25,12,1.33333,11.58,121075500.6,4.538
MOVI3.SA,1,2,11.68,11.64,11.58,12.03,11.68,11.64,11.58,12.03,2025-12-21 21:00:00,0.28,0.351,8.493933,1143000,1143000,4829487,5160494,5160494.0,11.63,11.64,0,0,4001582080.0,4015333148,4.02,14.97,23.49,3.3,0.28059155,12.278548,9.372687,0.178,0.015239726,BRL,,,,,,False,0.91,0.0783,3.32,18.774195,1,2,20191797248.0,0.01951,115054688,343778523,0.65549004,0.11276,0.351,343778524,,8.204,1.4212579,,,2024-12-30 21:00:00,2025-12-30 21:00:00,2025-09-29 21:00:00,-0.106,278191008,0.62,1.37039,,1.416,3.925,1.8280871,0.19319427,0.739591,1766361600,,,8.508526,,86400,11.65,buy,3316904960,9.758,5144406016.0,19538487296,0.539,0.685,14261235712,700.647,41.955,0.066360004,0.10215,4575046144,2856065536,1347320960,-0.068,-0.003,0.3208,0.36073002,0.22680001,0.01951,BRL,17.70611,10.0,13.89278,13.8,13,2.0,11.65,60119755.1,3.925
ODPV3.SA,1,2,13.21,13.19,13.04,13.33,13.21,13.19,13.04,13.33,2025-12-18 21:00:00,0.9008,0.534,11.558506,2512000,2512000,3895887,8042630,8042630.0,13.13,13.15,0,0,7157073408.0,7200680987,10.25,16.57,17.181818,1.477272,2.824569,12.1228,12.1771,1.383,0.10469341,BRL,,,,,,False,1.0,0.0758,4.36,12.271028,1,2,6652400128.0,0.22673,252879631,545093186,0.52889997,0.38597,0.534,545093186,,2.367,5.5513306,,,2024-12-30 21:00:00,2025-12-30 21:00:00,2025-09-29 21:00:00,-0.037,574505024,1.07,1.13596,11:10,2.625,7.623,0.19439423,0.19319427,0.243543,1766102400,,,11.567309,2022-04-04 21:00:00,86400,13.12,hold,570948992,1.047,872633024.0,22315000,0.828,0.917,2533863936,1.729,4.664,0.24384001,0.447,1490049024,393080000,535923008,-0.033,0.075,0.58805,0.34439,0.33845,0.22673,BRL,18.0,11.5,14.23333,13.1,9,2.88889,13.12,105519305.6,7.623
KEPL3.SA,1,2,7.74,7.78,7.7,7.81,7.74,7.78,7.7,7.81,2025-12-15 21:00:00,0.5992,0.027,9.137676,713900,713900,3049601,4042420,4042420.0,7.75,7.77,0,0,1348521856.0,1341588519,6.92,10.52,100.0,1.083333,0.90486604,9.5612,8.5731,0.0,0.0,BRL,,,,,,False,0.54,0.069699995,7.93,8.644444,1,2,1358319488.0,0.10486,152497362,173331850,0.115930006,0.29723,0.027,173331850,,4.467,1.7371838,,,2025-12-30 21:00:00,2026-12-30 21:00:00,2025-12-30 21:00:00,0.285,156270000,0.9,0.85142,2:1,0.911,6.088,-0.016518414,0.19319427,0.144232,1765843200,,,9.114186,2023-04-03 21:00:00,86400,7.77,buy,316431008,1.826,223096992.0,333161984,1.353,1.956,1490300032,43.031,8.599,0.07988,0.20629999,353991008,-62335376,120350000,0.29,-0.134,0.23753001,0.1497,0.15231,0.10486,BRL,9.5,9.0,9.25,9.25,2,2.0,7.77,31409603.4,6.088
CAML3.SA,1,2,6.07,6.13,6.02,6.15,6.07,6.13,6.02,6.15,2026-05-31 21:00:00,0.6323,0.286,8.189189,233300,233300,1112891,910130,910130.0,6.04,6.06,0,0,2066891648.0,2070302378,3.71,7.1,15.26,3.5,0.17803612,6.4668,5.4894,0.073,0.012026358,BRL,,,,,,False,0.41,0.067600004,4.2,13.173913,1,2,6227418624.0,0.014140001,31129571,341071232,0.69958,0.11801,0.286,341071232,,10.11,0.59940654,,,2025-02-27 21:00:00,2026-02-27 21:00:00,2025-11-29 21:00:00,-0.006,164134000,0.46,0.74,,0.536,8.027,0.57253885,0.19319427,0.190576,1859241600,,,8.189189,,86400,6.05,buy,2531821056,7.423,775820032.0,6688648192,1.143,1.773,11609395200,193.96,34.038,0.030480001,0.04689,2480495104,489250240,1072009024,-0.009,-0.051,0.21365999,0.06683,0.05461,0.014140001,BRL,10.0,4.5,7.51429,8.0,7,2.25,6.05,5506286.5,8.027
UGPA3.SA,1,2,25.94,26.04,25.91,26.73,25.94,26.04,25.91,26.73,2025-12-07 21:00:00,0.7443,0.594,10.121667,1913400,1913400,6087374,8322780,8322780.0,26.46,26.5,0,0,28300802048.0,27723671649,15.58,28.0,6427221.5,2.884141,0.19878411,25.2214,20.99965,0.0,0.0,BRL,,,,,,False,1.75,0.0675,3.24,11.2680855,1,2,44592611328.0,0.017239999,624381274,1068761436,0.32734,0.41289002,0.594,1068761436,,14.659,1.8050343,,,2025-12-30 21:00:00,2026-12-30 21:00:00,2025-12-30 21:00:00,-0.616,2660165120,2.35,2.61617,2:1,0.313,6.988,0.50551367,0.19319427,1.0,1765152000,,,10.114021,2019-04-17 21:00:00,86400,26.49,buy,7026883072,6.575,6381184000.0,21832894464,1.148,1.619,142369538048,123.137,132.841,0.06954,0.16381,9358840832,1854222720,5452502016,-0.595,0.072,0.06574,0.04482,0.03091,0.017239999,BRL,34.0,22.0,27.825,27.75,16,2.125,26.49,220470442.2,6.988
LAVV3.SA,1,2,15.32,15.32,15.07,15.67,15.32,15.32,15.07,15.67,2026-02-02 21:00:00,0.3243,,4.2408967,410500,410500,715350,1060300,1060300.0,15.14,15.15,,,2958876160.0,2994054272,8.95,18.98,18.98,4.22,1.6798453,17.423,14.80245,0.0,0.0,BRL,,,,,,False,1.02,0.0668,,6.4152546,1,2,2841918208.0,0.23507999,39059510,195434352,0.62113,0.24836999,,195434353,,7.661,1.9775486,,,2025-12-30 21:00:00,2026-12-30 21:00:00,2025-12-30 21:00:00,-0.128,414072000,2.36,3.57,,1.613,7.373,0.59916496,0.19319427,1.023362,1770076800,,,4.050802,,86400,15.14,strong_buy,906161984,4.637,385441984.0,470535008,2.664,4.463,1761398016,26.423,,0.05894,0.26358998,615308992,-516259744,-174692000,-0.128,-0.079,0.34932998,0.21882999,0.19850999,0.23507999,BRL,26.0,18.0,22.0,23.0,5,1.4,15.14,16052942.0,7.373
WIZC3.SA,1,2,9.03,9.0,8.94,9.11,9.03,9.0,8.94,9.11,2025-12-28 21:00:00,0.21059999,0.861,8.220183,191500,191500,533750,578970,578970.0,8.97,8.98,,,1432769280.0,1443962756,5.74,10.37,23.39,4.94,1.0490345,9.4188,8.4661,0.316,0.034994464,BRL,,,,,,False,0.57,0.0627,5.99,7.5294113,1,2,2152497664.0,0.13915,75354708,159907282,0.52876,0.04328,0.861,159907283,,4.364,2.0577452,,,2024-12-30 21:00:00,2025-12-30 21:00:00,2025-09-29 21:00:00,0.105,190056992,1.19,1.09,2:1,1.576,3.081,0.42654026,0.19319427,0.316091,1766966400,,,,2021-04-15 21:00:00,86400,8.98,none,294257984,1.84,698620032.0,397276992,0.966,1.072,1365798016,30.481,8.541,0.15544,0.27255,845518976,391504736,510968000,0.105,0.029,0.61907,0.51151,0.47759,0.13915,BRL,11.0,10.0,10.66667,11.0,3,,8.98,5199150.600000001,3.081
